{"cameraMode":{"drawMode":0,"name":"Shaded","section":"Shading Mode"},"sceneLighting":false,"audioPlay":false,"sceneViewState":{"showFog":false,"showMaterialUpdate":false,"showSkybox":false,"showFlares":false,"showImageEffects":false,"showParticleSystems":false},"in2DMode":false,"pivot":{"x":0.7000000476837158,"y":2.0999999046325685,"z":-8.118232727050782},"rotation":{"x":0.481748104095459,"y":-0.5168426632881165,"z":0.5262307524681091,"w":0.47315338253974917},"size":6.803123950958252,"orthographic":false}